APK/提交,项目,既有证据,本轮静态显示,实时提取/执行次数,流式显示,重开后显示,备注
未提供（用户本次测试版）,I00,部分通过：01 主文件导入成功；00 普通文字控制样本及退出重开未提供证据,导入通过；重开未单独确认,,,,本次扩展会话截图；扩展 JSON 导入成功；会话重开及导出再导入没有单独反馈。
未提供（用户本次测试版）,B01,通过：用户确认空输入框问题已修复；其余编辑模式切换、保存与新增文本操作没有补充结果,空框通过；其他编辑步骤未单独确认,,,,此前用户反馈；格式空白不再产生空输入框；其他编辑步骤保留在全量清单中。
未提供（用户本次测试版）,M01,部分通过：前后文、调用及结果卡片、BODY_START 可见；完整详情、CDATA、尾标和空白待展开,通过,,,,用户确认 M 系列全部通过；按用户本轮总体反馈记录；单项截图证据不作扩大。
未提供（用户本次测试版）,M02,通过：两块独立结果，字面结束标签及 FIRST_END、SECOND_END 保留,通过,,,,用户确认 M 系列全部通过；按用户本轮总体反馈记录；单项截图证据不作扩大。
未提供（用户本次测试版）,M03,通过：固定原文只有三个工具结果，无工具调用；两个空成功结果显示执行成功，旧裸正文 LEGACY_BODY_1278 保留，本次截图符合预期,通过,,,,用户确认 M 系列全部通过；空结果及自闭合结果显示成功占位，正文为空时不提供详情展开和复制；旧裸正文仍显示。代码已核对，此行为符合预期。
未提供（用户本次测试版）,M04,部分通过：固定原文只有失败结果，无工具调用；红色失败状态与省略摘要符合预期；完整错误正文、字面结束标签及 ERROR_TAIL_1278 待展开确认,通过,,,,用户确认 M 系列全部通过；按用户本轮总体反馈记录；单项截图证据不作扩大。
未提供（用户本次测试版）,M05,通过：本次截图与用户反馈确认行内代码、反引号围栏和波浪号围栏均显示为代码示例，没有工具卡片，CODE_TEXT_END_1278 保留,通过,解析提取 2；实际执行未测,,,用户确认 M 系列全部通过；按用户本轮总体反馈记录；单项截图证据不作扩大。
未提供（用户本次测试版）,M06,通过：普通闭合、错误 token、大小写错误保留在思考内，THINK_TAIL 在内，ANSWER_OK 在外,通过,,,,用户确认 M 系列全部通过；按用户本轮总体反馈记录；单项截图证据不作扩大。
未提供（用户本次测试版）,M07,通过：固定输入确为单引号 thinking；THINK_SINGLE_TAIL 在思考内，ANSWER_SINGLE_OK 在外,通过,,,,用户确认 M 系列全部通过；按用户本轮总体反馈记录；单项截图证据不作扩大。
未提供（用户本次测试版）,M08,通过：两块无 token 历史思考及两段外部回答均正确显示,通过,,,,用户确认 M 系列全部通过；按用户本轮总体反馈记录；单项截图证据不作扩大。
未提供（用户本次测试版）,M09,通过：普通折叠容器中显示字面 XML 示例，无额外工具分组，XML_CONTAINER_END 保留,通过,,,,用户确认 M 系列全部通过；按用户本轮总体反馈记录；单项截图证据不作扩大。
未提供（用户本次测试版）,M10,部分通过：本次截图及用户反馈确认聊天正文、纯文本复制和 XML 源复制均隐藏 meta 协议，VISIBLE_BEGIN_1278 与 VISIBLE_END_1278 保留；Markdown 源复制与消息导出协议保留待测,通过,,,,用户确认 M 系列全部通过；用户确认 M 系列通过；聊天正文与纯文本/XML 复制隐藏协议已有明确反馈。Markdown 源复制和完整导出没有单独截图；导出协议保留不据此记为实测。
未提供（用户本次测试版）,M11,通过：普通闭合示例及 UNCLOSED_THINK_TAIL 均留在思考中，无额外回答,通过,,,,用户确认 M 系列全部通过；按用户本轮总体反馈记录；单项截图证据不作扩大。
未提供（用户本次测试版）,M12,通过：普通 XML 说明框保留 ORDINARY_XML，外部 ORDINARY_ANSWER 保留，未归入思考,通过,,,,用户确认 M 系列全部通过；按用户本轮总体反馈记录；单项截图证据不作扩大。
未提供（用户本次测试版）,L01,未测：本轮是导入历史截图，没有实时生成、工具执行或分包证据,不适用,未测（用户决定跳过）,未测（用户决定跳过）,,用户决定跳过；未消耗模型额度执行；静态导入与解析探针不替代真实执行、分包或取消证据。
未提供（用户本次测试版）,R01 调用紧贴正文,新增未测,通过,解析提取 1；实际执行未测,,,用户确认 R 系列前面的样例通过；静态导入显示通过；执行与分包结果仍未测。
未提供（用户本次测试版）,R02 两个相邻调用和两个结果,新增未测,通过,解析提取 2；实际执行未测,,,用户确认 R 系列前面的样例通过；静态导入显示通过；执行与分包结果仍未测。
未提供（用户本次测试版）,R03 思考结束后的调用,新增未测,通过,解析提取 1；实际执行未测,,,用户确认 R 系列前面的样例通过；静态导入显示通过；执行与分包结果仍未测。
未提供（用户本次测试版）,R04 思考正文内部的调用,新增未测,通过,解析提取 1；实际执行未测,,,用户确认 R 系列前面的样例通过；思考正文内按文本或 XML 展示，不生成专用工具调用卡片，符合用户确认的设计。
未提供（用户本次测试版）,R05 思考中的围栏工具示例,新增未测,通过,解析提取 1；实际执行未测,,,用户确认 R 系列前面的样例通过；静态导入显示通过；执行与分包结果仍未测。
未提供（用户本次测试版）,R06 行内工具示例,新增未测,通过,解析提取 2；实际执行未测,,,用户确认 R 系列前面的样例通过；静态导入显示通过；执行与分包结果仍未测。
未提供（用户本次测试版）,R07 两种围栏示例后接真实调用,新增未测,通过,解析提取 3；实际执行未测,,,用户确认 R 系列前面的样例通过；静态导入显示通过；执行与分包结果仍未测。
未提供（用户本次测试版）,R08 参数含多行 JSON 和 XML 字面值,新增未测,通过,解析提取 1；实际执行未测,,,用户确认 R 系列前面的样例通过；静态导入显示通过；执行与分包结果仍未测。
未提供（用户本次测试版）,R09 思考普通结束标签后的内部调用,新增未测,通过,解析提取 1；实际执行未测,,,用户确认 R 系列前面的样例通过；内部工具格式按文本或 XML 展示属于预期；本次截图另显示外部结果和 R09_ANSWER_1278，思考内部沿用用户反馈。
未提供（用户本次测试版）,R10 协议夹在思考调用和结果之间,新增未测,静态显示通过；复制未单独确认,解析提取 1；实际执行未测,,,本次截图；THINK_META、read_file 调用、结果和 R10_VISIBLE_END 可见；协议隐藏。三种复制仍单独登记。
未提供（用户本次测试版）,R11 CRLF 和缩进中的调用,新增未测,静态显示通过,解析提取 1；实际执行未测,,,本次截图；CRLF_PRE、调用、结果及 CRLF_END 均保留，缩进与 CRLF 未吞掉卡片。
未提供（用户本次测试版）,R12 未闭合调用,新增未测,静态显示通过；流式取消未测,解析提取 0；实际执行未测,,,本次截图与代码核对；未闭合调用保留 read_file 参数行，没有生成成功结果；短参数仍使用紧凑调用显示是现有规则，实际完成/取消状态另测。
未提供（用户本次测试版）,R13 列表和引用中的调用,新增未测,静态显示通过,解析提取 2；实际执行未测,,,本次截图；列表前文、引用前文、两条调用、两条结果及 R13_END 保留；调用可单独显示，不要求卡片留在列表/引用文字容器内。
未提供（用户本次测试版）,R14 长消息六组思考调用结果,新增未测,未核对,解析提取 6；实际执行未测,,,本次截图仅包含标题；六组思考、调用、结果与回答正文未入图；滚动、重开及导出往返仍未确认。
未提供（用户本次测试版）,L02 双调用执行和结果对应,新增未测,不适用,未测（用户决定跳过）,未测（用户决定跳过）,,用户决定跳过；未消耗模型额度执行；静态导入与解析探针不替代真实执行、分包或取消证据。
未提供（用户本次测试版）,L03 思考内部完整调用,新增未测,不适用,未测（用户决定跳过）,未测（用户决定跳过）,,用户决定跳过；未消耗模型额度执行；静态导入与解析探针不替代真实执行、分包或取消证据。
未提供（用户本次测试版）,L04 代码示例零执行,新增未测,不适用,未测（用户决定跳过）,未测（用户决定跳过）,,用户决定跳过；未消耗模型额度执行；静态导入与解析探针不替代真实执行、分包或取消证据。
未提供（用户本次测试版）,L05 分包、结束和取消,新增未测,不适用,未测（用户决定跳过）,未测（用户决定跳过）,,用户决定跳过；未消耗模型额度执行；静态导入与解析探针不替代真实执行、分包或取消证据。
未提供（用户本次测试版）,L06 真实结果退出重开,新增未测,不适用,未测（用户决定跳过）,未测（用户决定跳过）,,用户决定跳过；未消耗模型额度执行；静态导入与解析探针不替代真实执行、分包或取消证据。
